Coluna,Estatística U,Valor-p
T1,1.0,0.0011655011655011655
T2,37.0,0.12820512820512822
T3,36.0,0.16491841491841494
T4,25.0,1.0
T5,38.0,0.09523059296148208
